/*
Post-Deployment Script Template							
--------------------------------------------------------------------------------------
 This file contains SQL statements that will be appended to the build script.		
 Use SQLCMD syntax to include a file in the post-deployment script.			
 Example:      :r .\myfile.sql								
 Use SQLCMD syntax to reference a variable in the post-deployment script.		
 Example:      :setvar TableName MyTable							
               SELECT * FROM [$(TableName)]					
--------------------------------------------------------------------------------------
*/

/* create login and user */

CREATE LOGIN webservice_bureau
	WITH PASSWORD = 'wfrJA*GY3Mz-j?hb'
GO

create user webservice_bureau for login webservice_bureau
go

exec sp_addrolemember 'db_datareader','webservice_bureau'
go

exec sp_addrolemember 'db_datawriter','webservice_bureau'
go

grant execute to webservice_bureau
go


/* The following script is an unmodified script produced from WDHB's instance of bureau */

SET IDENTITY_INSERT [bureau].[TLocation] ON 
GO
INSERT [bureau].[TLocation] ([loc_id], [loc_description], [rc_code], [trendcare_code], [hospital_lk_id], [sort_order], [create_dttm], [create_user], [modif_dttm], [modif_user], [is_deleted], [day_start], [evening_start], [night_start], [E_Coord], [E_Orientee], [E_RN], [E_EN], [E_HCA], [N_Coord], [N_Orientee], [N_RN], [N_EN], [N_HCA], [D_Coord], [D_Orientee], [D_RN], [D_EN], [D_HCA], [D_CNM], [config_rpt_colour], [config_rpt_group], [config_rpt_group_order], [config_rpt_font_colour]) VALUES (1, N'Anawhata', N'125-1121', N'322', 29, 1, CAST(N'2016-03-08T15:15:35.673' AS DateTime), N'bureau_system', CAST(N'2016-03-08T15:15:35.673' AS DateTime), N'WTHanawhata', 0, N'06:00', N'14:00', N'21:00', 0, 0, 5, 0, 1, 0, 0, 3, 0, 1, 0, 0, 5, 0, 1, 1, N'LightSkyBlue', N'Medical', 2, N'Black')
GO
INSERT [bureau].[TLocation] ([loc_id], [loc_description], [rc_code], [trendcare_code], [hospital_lk_id], [sort_order], [create_dttm], [create_user], [modif_dttm], [modif_user], [is_deleted], [day_start], [evening_start], [night_start], [E_Coord], [E_Orientee], [E_RN], [E_EN], [E_HCA], [N_Coord], [N_Orientee], [N_RN], [N_EN], [N_HCA], [D_Coord], [D_Orientee], [D_RN], [D_EN], [D_HCA], [D_CNM], [config_rpt_colour], [config_rpt_group], [config_rpt_group_order], [config_rpt_font_colour]) VALUES (2, N'ESC Ward', N'130-2042', N'372', 28, 7, CAST(N'2016-03-08T15:15:35.673' AS DateTime), N'bureau_system', CAST(N'2016-03-08T15:15:35.673' AS DateTime), N'bureau_system', 0, N'06:00', N'14:00', N'21:00', NULL, NULL, NULL, NULL, NULL, NULL, NULL, NULL, NULL, NULL, NULL, NULL, NULL, NULL, NULL, NULL, N'Orange', N'Surgical', 6, N'White')
GO
INSERT [bureau].[TLocation] ([loc_id], [loc_description], [rc_code], [trendcare_code], [hospital_lk_id], [sort_order], [create_dttm], [create_user], [modif_dttm], [modif_user], [is_deleted], [day_start], [evening_start], [night_start], [E_Coord], [E_Orientee], [E_RN], [E_EN], [E_HCA], [N_Coord], [N_Orientee], [N_RN], [N_EN], [N_HCA], [D_Coord], [D_Orientee], [D_RN], [D_EN], [D_HCA], [D_CNM], [config_rpt_colour], [config_rpt_group], [config_rpt_group_order], [config_rpt_font_colour]) VALUES (5, N'Ward 10', N'115-1102', N'220', 28, NULL, CAST(N'2016-03-08T15:15:35.673' AS DateTime), N'bureau_system', CAST(N'2016-03-08T15:15:35.673' AS DateTime), N'nshwd10', 0, N'06:00', N'14:00', N'21:00', 0, 0, 7, 0, 2, 0, 0, 4, 0, 2, 1, 0, 7, 0, 2, 1, N'LightSkyBlue', N'Medical', 4, N'Black')
GO
INSERT [bureau].[TLocation] ([loc_id], [loc_description], [rc_code], [trendcare_code], [hospital_lk_id], [sort_order], [create_dttm], [create_user], [modif_dttm], [modif_user], [is_deleted], [day_start], [evening_start], [night_start], [E_Coord], [E_Orientee], [E_RN], [E_EN], [E_HCA], [N_Coord], [N_Orientee], [N_RN], [N_EN], [N_HCA], [D_Coord], [D_Orientee], [D_RN], [D_EN], [D_HCA], [D_CNM], [config_rpt_colour], [config_rpt_group], [config_rpt_group_order], [config_rpt_font_colour]) VALUES (6, N'Ward 11', N'115-1107', N'225', 28, NULL, CAST(N'2016-03-08T15:15:35.673' AS DateTime), N'bureau_system', CAST(N'2016-03-08T15:15:35.673' AS DateTime), N'bureau_system', 0, N'06:00', N'14:00', N'21:00', NULL, NULL, NULL, NULL, NULL, NULL, NULL, NULL, NULL, NULL, NULL, NULL, NULL, NULL, NULL, NULL, N'LightSkyBlue', N'Medical', 4, N'Black')
GO
INSERT [bureau].[TLocation] ([loc_id], [loc_description], [rc_code], [trendcare_code], [hospital_lk_id], [sort_order], [create_dttm], [create_user], [modif_dttm], [modif_user], [is_deleted], [day_start], [evening_start], [night_start], [E_Coord], [E_Orientee], [E_RN], [E_EN], [E_HCA], [N_Coord], [N_Orientee], [N_RN], [N_EN], [N_HCA], [D_Coord], [D_Orientee], [D_RN], [D_EN], [D_HCA], [D_CNM], [config_rpt_colour], [config_rpt_group], [config_rpt_group_order], [config_rpt_font_colour]) VALUES (7, N'Ward 03', N'115-1110', N'357', 28, NULL, CAST(N'2016-03-08T15:15:35.673' AS DateTime), N'bureau_system', CAST(N'2016-03-08T15:15:35.673' AS DateTime), N'SimpsoM', 0, N'06:00', N'14:00', N'21:00', 0, 0, 7, 0, 1, 0, 0, 4, 0, 1, 1, 0, 7, 0, 2, 1, N'LightSkyBlue', N'Medical', 4, N'Black')
GO
INSERT [bureau].[TLocation] ([loc_id], [loc_description], [rc_code], [trendcare_code], [hospital_lk_id], [sort_order], [create_dttm], [create_user], [modif_dttm], [modif_user], [is_deleted], [day_start], [evening_start], [night_start], [E_Coord], [E_Orientee], [E_RN], [E_EN], [E_HCA], [N_Coord], [N_Orientee], [N_RN], [N_EN], [N_HCA], [D_Coord], [D_Orientee], [D_RN], [D_EN], [D_HCA], [D_CNM], [config_rpt_colour], [config_rpt_group], [config_rpt_group_order], [config_rpt_font_colour]) VALUES (8, N'Ward 04', N'115-1212', N'219', 28, 1, CAST(N'2016-03-08T15:15:35.673' AS DateTime), N'bureau_system', CAST(N'2016-03-08T15:15:35.673' AS DateTime), N'Johnstos', 0, N'06:00', N'14:00', N'21:00', 0, 0, 7, 0, 1, 0, 0, 4, 0, 1, 0, 7, 4, 0, 2, 1, N'DarkOrange', N'Surgical', 6, N'White')
GO
INSERT [bureau].[TLocation] ([loc_id], [loc_description], [rc_code], [trendcare_code], [hospital_lk_id], [sort_order], [create_dttm], [create_user], [modif_dttm], [modif_user], [is_deleted], [day_start], [evening_start], [night_start], [E_Coord], [E_Orientee], [E_RN], [E_EN], [E_HCA], [N_Coord], [N_Orientee], [N_RN], [N_EN], [N_HCA], [D_Coord], [D_Orientee], [D_RN], [D_EN], [D_HCA], [D_CNM], [config_rpt_colour], [config_rpt_group], [config_rpt_group_order], [config_rpt_font_colour]) VALUES (9, N'Ward 05', N'115-1104', N'213', 28, NULL, CAST(N'2016-03-08T15:15:35.673' AS DateTime), N'bureau_system', CAST(N'2016-03-08T15:15:35.673' AS DateTime), N'NSHWrd05', 0, N'06:00', N'14:00', N'21:00', 0, 0, 7, 0, 1, 0, 0, 4, 0, 1, 1, 0, 7, 0, 2, 1, N'LightSkyBlue', N'Medical', 4, N'Black')
GO
INSERT [bureau].[TLocation] ([loc_id], [loc_description], [rc_code], [trendcare_code], [hospital_lk_id], [sort_order], [create_dttm], [create_user], [modif_dttm], [modif_user], [is_deleted], [day_start], [evening_start], [night_start], [E_Coord], [E_Orientee], [E_RN], [E_EN], [E_HCA], [N_Coord], [N_Orientee], [N_RN], [N_EN], [N_HCA], [D_Coord], [D_Orientee], [D_RN], [D_EN], [D_HCA], [D_CNM], [config_rpt_colour], [config_rpt_group], [config_rpt_group_order], [config_rpt_font_colour]) VALUES (10, N'Ward 06', N'115-1103', N'221', 28, NULL, CAST(N'2016-03-08T15:15:35.673' AS DateTime), N'bureau_system', CAST(N'2016-03-08T15:15:35.673' AS DateTime), N'nshwd6', 0, N'06:00', N'14:00', N'21:00', 0, 0, 6, 1, 1, 0, 0, 4, 0, 1, 0, 0, 7, 0, 2, 0, N'LightSkyBlue', N'Medical', 4, N'Black')
GO
INSERT [bureau].[TLocation] ([loc_id], [loc_description], [rc_code], [trendcare_code], [hospital_lk_id], [sort_order], [create_dttm], [create_user], [modif_dttm], [modif_user], [is_deleted], [day_start], [evening_start], [night_start], [E_Coord], [E_Orientee], [E_RN], [E_EN], [E_HCA], [N_Coord], [N_Orientee], [N_RN], [N_EN], [N_HCA], [D_Coord], [D_Orientee], [D_RN], [D_EN], [D_HCA], [D_CNM], [config_rpt_colour], [config_rpt_group], [config_rpt_group_order], [config_rpt_font_colour]) VALUES (11, N'Ward 07', N'115-1213', N'222', 28, 3, CAST(N'2016-03-08T15:15:35.673' AS DateTime), N'bureau_system', CAST(N'2016-03-08T15:15:35.673' AS DateTime), N'JansenJ1', 0, N'06:00', N'14:00', N'21:00', 1, 0, 6, 0, 2, 1, 0, 3, 0, 1, 1, 0, 7, 0, 3, 1, N'YellowGreen', N'Surgical', 6, N'White')
GO
INSERT [bureau].[TLocation] ([loc_id], [loc_description], [rc_code], [trendcare_code], [hospital_lk_id], [sort_order], [create_dttm], [create_user], [modif_dttm], [modif_user], [is_deleted], [day_start], [evening_start], [night_start], [E_Coord], [E_Orientee], [E_RN], [E_EN], [E_HCA], [N_Coord], [N_Orientee], [N_RN], [N_EN], [N_HCA], [D_Coord], [D_Orientee], [D_RN], [D_EN], [D_HCA], [D_CNM], [config_rpt_colour], [config_rpt_group], [config_rpt_group_order], [config_rpt_font_colour]) VALUES (12, N'Ward 08', N'115-1211', N'223', 28, 2, CAST(N'2016-03-08T15:15:35.673' AS DateTime), N'bureau_system', CAST(N'2016-03-08T15:15:35.673' AS DateTime), N'bureau_system', 0, N'06:00', N'14:00', N'21:00', NULL, NULL, NULL, NULL, NULL, NULL, NULL, NULL, NULL, NULL, NULL, NULL, NULL, NULL, NULL, NULL, N'DarkOrange', N'Surgical', 6, N'White')
GO
INSERT [bureau].[TLocation] ([loc_id], [loc_description], [rc_code], [trendcare_code], [hospital_lk_id], [sort_order], [create_dttm], [create_user], [modif_dttm], [modif_user], [is_deleted], [day_start], [evening_start], [night_start], [E_Coord], [E_Orientee], [E_RN], [E_EN], [E_HCA], [N_Coord], [N_Orientee], [N_RN], [N_EN], [N_HCA], [D_Coord], [D_Orientee], [D_RN], [D_EN], [D_HCA], [D_CNM], [config_rpt_colour], [config_rpt_group], [config_rpt_group_order], [config_rpt_font_colour]) VALUES (15, N'Titirangi', N'125-1123', N'339', 29, 2, CAST(N'2016-03-08T15:15:35.673' AS DateTime), N'bureau_system', CAST(N'2016-03-08T15:15:35.673' AS DateTime), N'TitiraW', 0, N'06:00', N'14:00', N'21:00', 0, 0, 5, 0, 1, 0, 0, 3, 0, 1, 0, 0, 5, 0, 1, 1, N'LightSkyBlue', N'Medical', 2, N'Black')
GO
INSERT [bureau].[TLocation] ([loc_id], [loc_description], [rc_code], [trendcare_code], [hospital_lk_id], [sort_order], [create_dttm], [create_user], [modif_dttm], [modif_user], [is_deleted], [day_start], [evening_start], [night_start], [E_Coord], [E_Orientee], [E_RN], [E_EN], [E_HCA], [N_Coord], [N_Orientee], [N_RN], [N_EN], [N_HCA], [D_Coord], [D_Orientee], [D_RN], [D_EN], [D_HCA], [D_CNM], [config_rpt_colour], [config_rpt_group], [config_rpt_group_order], [config_rpt_font_colour]) VALUES (16, N'Wainamu', N'125-1122', N'341', 29, 3, CAST(N'2016-03-08T15:15:35.673' AS DateTime), N'bureau_system', CAST(N'2016-03-08T15:15:35.673' AS DateTime), N'WTHWainamu', 0, N'06:00', N'14:00', N'21:00', 0, 0, 8, 0, 2, 0, 0, 4, 0, 2, 0, 0, 9, 0, 2, 1, N'LightSkyBlue', N'Medical', 2, N'Black')
GO
INSERT [bureau].[TLocation] ([loc_id], [loc_description], [rc_code], [trendcare_code], [hospital_lk_id], [sort_order], [create_dttm], [create_user], [modif_dttm], [modif_user], [is_deleted], [day_start], [evening_start], [night_start], [E_Coord], [E_Orientee], [E_RN], [E_EN], [E_HCA], [N_Coord], [N_Orientee], [N_RN], [N_EN], [N_HCA], [D_Coord], [D_Orientee], [D_RN], [D_EN], [D_HCA], [D_CNM], [config_rpt_colour], [config_rpt_group], [config_rpt_group_order], [config_rpt_font_colour]) VALUES (17, N'Ward 02', N'115-1114', N'216', 28, NULL, CAST(N'2016-03-08T15:15:35.673' AS DateTime), N'bureau_system', CAST(N'2016-03-08T15:15:35.673' AS DateTime), N'russellj', 0, N'06:00', N'14:00', N'21:00', 0, 0, 5, 0, 2, 0, 0, 3, 0, 1, 1, 0, 5, 0, 2, 1, N'LightSkyBlue', N'Medical', 4, N'Black')
GO
INSERT [bureau].[TLocation] ([loc_id], [loc_description], [rc_code], [trendcare_code], [hospital_lk_id], [sort_order], [create_dttm], [create_user], [modif_dttm], [modif_user], [is_deleted], [day_start], [evening_start], [night_start], [E_Coord], [E_Orientee], [E_RN], [E_EN], [E_HCA], [N_Coord], [N_Orientee], [N_RN], [N_EN], [N_HCA], [D_Coord], [D_Orientee], [D_RN], [D_EN], [D_HCA], [D_CNM], [config_rpt_colour], [config_rpt_group], [config_rpt_group_order], [config_rpt_font_colour]) VALUES (18, N'Ward 09', N'115-1106', N'224', 28, 4, CAST(N'2016-03-08T15:15:35.677' AS DateTime), N'bureau_system', CAST(N'2016-03-08T15:15:35.677' AS DateTime), N'huskinss', 0, N'06:00', N'14:00', N'21:00', 0, 0, 7, 0, 1, 0, 0, 4, 0, 1, 0, 0, 7, 0, 2, 1, N'YellowGreen', N'Surgical', 6, N'White')
GO
INSERT [bureau].[TLocation] ([loc_id], [loc_description], [rc_code], [trendcare_code], [hospital_lk_id], [sort_order], [create_dttm], [create_user], [modif_dttm], [modif_user], [is_deleted], [day_start], [evening_start], [night_start], [E_Coord], [E_Orientee], [E_RN], [E_EN], [E_HCA], [N_Coord], [N_Orientee], [N_RN], [N_EN], [N_HCA], [D_Coord], [D_Orientee], [D_RN], [D_EN], [D_HCA], [D_CNM], [config_rpt_colour], [config_rpt_group], [config_rpt_group_order], [config_rpt_font_colour]) VALUES (20, N'ADU NSH', N'115-1269', N'354', 28, NULL, CAST(N'2016-04-27T13:24:11.103' AS DateTime), N'bureau_system', CAST(N'2016-04-27T13:24:11.103' AS DateTime), N'bureau_system', 0, N'06:00', N'14:00', N'21:00', NULL, NULL, NULL, NULL, NULL, NULL, NULL, NULL, NULL, NULL, NULL, NULL, NULL, NULL, NULL, NULL, N'Plum', N'ED/ADU', 1, N'Black')
GO
INSERT [bureau].[TLocation] ([loc_id], [loc_description], [rc_code], [trendcare_code], [hospital_lk_id], [sort_order], [create_dttm], [create_user], [modif_dttm], [modif_user], [is_deleted], [day_start], [evening_start], [night_start], [E_Coord], [E_Orientee], [E_RN], [E_EN], [E_HCA], [N_Coord], [N_Orientee], [N_RN], [N_EN], [N_HCA], [D_Coord], [D_Orientee], [D_RN], [D_EN], [D_HCA], [D_CNM], [config_rpt_colour], [config_rpt_group], [config_rpt_group_order], [config_rpt_font_colour]) VALUES (21, N'ED NSH', N'115-1260', N'354', 28, NULL, CAST(N'2016-04-27T13:24:14.537' AS DateTime), N'bureau_system', CAST(N'2016-04-27T13:24:14.537' AS DateTime), N'ClasseJ', 0, N'06:00', N'14:00', N'21:00', 0, 0, 1, 0, 0, 0, 0, 0, 0, 0, 0, 0, 0, 0, 0, 0, N'Plum', N'ED/ADU', 1, N'Black')
GO
INSERT [bureau].[TLocation] ([loc_id], [loc_description], [rc_code], [trendcare_code], [hospital_lk_id], [sort_order], [create_dttm], [create_user], [modif_dttm], [modif_user], [is_deleted], [day_start], [evening_start], [night_start], [E_Coord], [E_Orientee], [E_RN], [E_EN], [E_HCA], [N_Coord], [N_Orientee], [N_RN], [N_EN], [N_HCA], [D_Coord], [D_Orientee], [D_RN], [D_EN], [D_HCA], [D_CNM], [config_rpt_colour], [config_rpt_group], [config_rpt_group_order], [config_rpt_font_colour]) VALUES (22, N'Transit NSH', N'115-5207', NULL, 28, 1, CAST(N'2016-04-27T13:24:23.003' AS DateTime), N'bureau_system', CAST(N'2016-04-27T13:24:23.003' AS DateTime), N'WyattS', 0, N'06:00', N'14:00', N'21:00', 0, 0, 3, 0, 0, 0, 0, 1, 0, 0, 0, 0, 3, 0, 0, 0, N'SeaGreen', N'Transit', 2, N'White')
GO
INSERT [bureau].[TLocation] ([loc_id], [loc_description], [rc_code], [trendcare_code], [hospital_lk_id], [sort_order], [create_dttm], [create_user], [modif_dttm], [modif_user], [is_deleted], [day_start], [evening_start], [night_start], [E_Coord], [E_Orientee], [E_RN], [E_EN], [E_HCA], [N_Coord], [N_Orientee], [N_RN], [N_EN], [N_HCA], [D_Coord], [D_Orientee], [D_RN], [D_EN], [D_HCA], [D_CNM], [config_rpt_colour], [config_rpt_group], [config_rpt_group_order], [config_rpt_font_colour]) VALUES (23, N'Discharge Lounge', N'115-1205', N'210', 28, 2, CAST(N'2016-04-27T13:24:30.767' AS DateTime), N'bureau_system', CAST(N'2016-04-27T13:24:30.767' AS DateTime), N'bureau_system', 0, N'06:00', N'14:00', N'21:00', NULL, NULL, NULL, NULL, NULL, NULL, NULL, NULL, NULL, NULL, NULL, NULL, NULL, NULL, NULL, NULL, N'SeaGreen', N'Transit', 2, N'White')
GO
INSERT [bureau].[TLocation] ([loc_id], [loc_description], [rc_code], [trendcare_code], [hospital_lk_id], [sort_order], [create_dttm], [create_user], [modif_dttm], [modif_user], [is_deleted], [day_start], [evening_start], [night_start], [E_Coord], [E_Orientee], [E_RN], [E_EN], [E_HCA], [N_Coord], [N_Orientee], [N_RN], [N_EN], [N_HCA], [D_Coord], [D_Orientee], [D_RN], [D_EN], [D_HCA], [D_CNM], [config_rpt_colour], [config_rpt_group], [config_rpt_group_order], [config_rpt_font_colour]) VALUES (24, N'ICU/HDU', N'115-1274', N'201', 28, NULL, CAST(N'2016-04-27T13:25:43.490' AS DateTime), N'bureau_system', CAST(N'2016-04-27T13:25:43.490' AS DateTime), N'bureau_system', 0, N'06:00', N'14:00', N'21:00', NULL, NULL, NULL, NULL, NULL, NULL, NULL, NULL, NULL, NULL, NULL, NULL, NULL, NULL, NULL, NULL, N'MediumPurple', N'ICU', 5, N'White')
GO
INSERT [bureau].[TLocation] ([loc_id], [loc_description], [rc_code], [trendcare_code], [hospital_lk_id], [sort_order], [create_dttm], [create_user], [modif_dttm], [modif_user], [is_deleted], [day_start], [evening_start], [night_start], [E_Coord], [E_Orientee], [E_RN], [E_EN], [E_HCA], [N_Coord], [N_Orientee], [N_RN], [N_EN], [N_HCA], [D_Coord], [D_Orientee], [D_RN], [D_EN], [D_HCA], [D_CNM], [config_rpt_colour], [config_rpt_group], [config_rpt_group_order], [config_rpt_font_colour]) VALUES (25, N'Short Stay', N'115-1109', N'344', 28, 5, CAST(N'2016-04-27T13:25:50.113' AS DateTime), N'bureau_system', CAST(N'2016-04-27T13:25:50.113' AS DateTime), N'bureau_system', 0, N'06:00', N'14:00', N'21:00', NULL, NULL, NULL, NULL, NULL, NULL, NULL, NULL, NULL, NULL, NULL, NULL, NULL, NULL, NULL, NULL, N'DarkCyan', N'Surgical', 6, N'White')
GO
INSERT [bureau].[TLocation] ([loc_id], [loc_description], [rc_code], [trendcare_code], [hospital_lk_id], [sort_order], [create_dttm], [create_user], [modif_dttm], [modif_user], [is_deleted], [day_start], [evening_start], [night_start], [E_Coord], [E_Orientee], [E_RN], [E_EN], [E_HCA], [N_Coord], [N_Orientee], [N_RN], [N_EN], [N_HCA], [D_Coord], [D_Orientee], [D_RN], [D_EN], [D_HCA], [D_CNM], [config_rpt_colour], [config_rpt_group], [config_rpt_group_order], [config_rpt_font_colour]) VALUES (26, N'Ward 14', N'143-1416', N'214', 28, NULL, CAST(N'2016-04-27T13:26:02.487' AS DateTime), N'bureau_system', CAST(N'2016-04-27T13:26:02.487' AS DateTime), N'TerBraK', 0, N'06:00', N'14:00', N'21:00', 1, 0, 0, 0, 0, 1, 0, 0, 0, 0, 1, 0, 0, 0, 0, 1, N'LightSkyBlue', N'Medical', 4, N'Black')
GO
INSERT [bureau].[TLocation] ([loc_id], [loc_description], [rc_code], [trendcare_code], [hospital_lk_id], [sort_order], [create_dttm], [create_user], [modif_dttm], [modif_user], [is_deleted], [day_start], [evening_start], [night_start], [E_Coord], [E_Orientee], [E_RN], [E_EN], [E_HCA], [N_Coord], [N_Orientee], [N_RN], [N_EN], [N_HCA], [D_Coord], [D_Orientee], [D_RN], [D_EN], [D_HCA], [D_CNM], [config_rpt_colour], [config_rpt_group], [config_rpt_group_order], [config_rpt_font_colour]) VALUES (28, N'Ward 15', N'143-1418', N'215', 28, NULL, CAST(N'2016-04-27T13:26:10.053' AS DateTime), N'bureau_system', CAST(N'2016-04-27T13:26:10.053' AS DateTime), N'bureau_system', 0, N'06:00', N'14:00', N'21:00', NULL, NULL, NULL, NULL, NULL, NULL, NULL, NULL, NULL, NULL, NULL, NULL, NULL, NULL, NULL, NULL, N'LightSkyBlue', N'Medical', 4, N'Black')
GO
INSERT [bureau].[TLocation] ([loc_id], [loc_description], [rc_code], [trendcare_code], [hospital_lk_id], [sort_order], [create_dttm], [create_user], [modif_dttm], [modif_user], [is_deleted], [day_start], [evening_start], [night_start], [E_Coord], [E_Orientee], [E_RN], [E_EN], [E_HCA], [N_Coord], [N_Orientee], [N_RN], [N_EN], [N_HCA], [D_Coord], [D_Orientee], [D_RN], [D_EN], [D_HCA], [D_CNM], [config_rpt_colour], [config_rpt_group], [config_rpt_group_order], [config_rpt_font_colour]) VALUES (29, N'Theatre', N'115-1214', N'211', 28, 10, CAST(N'2016-04-27T13:26:13.107' AS DateTime), N'bureau_system', CAST(N'2016-04-27T13:26:13.107' AS DateTime), N'bureau_system', 0, N'06:00', N'14:00', N'21:00', NULL, NULL, NULL, NULL, NULL, NULL, NULL, NULL, NULL, NULL, NULL, NULL, NULL, NULL, NULL, NULL, N'Moccasin', N'Surgical', 6, N'Black')
GO
INSERT [bureau].[TLocation] ([loc_id], [loc_description], [rc_code], [trendcare_code], [hospital_lk_id], [sort_order], [create_dttm], [create_user], [modif_dttm], [modif_user], [is_deleted], [day_start], [evening_start], [night_start], [E_Coord], [E_Orientee], [E_RN], [E_EN], [E_HCA], [N_Coord], [N_Orientee], [N_RN], [N_EN], [N_HCA], [D_Coord], [D_Orientee], [D_RN], [D_EN], [D_HCA], [D_CNM], [config_rpt_colour], [config_rpt_group], [config_rpt_group_order], [config_rpt_font_colour]) VALUES (30, N'PACU 1 & 2', N'115-3542', N'206', 28, 9, CAST(N'2016-04-27T13:26:19.877' AS DateTime), N'bureau_system', CAST(N'2016-04-27T13:26:19.877' AS DateTime), N'bureau_system', 0, N'06:00', N'14:00', N'21:00', NULL, NULL, NULL, NULL, NULL, NULL, NULL, NULL, NULL, NULL, NULL, NULL, NULL, NULL, NULL, NULL, N'Moccasin', N'Surgical', 6, N'Black')
GO
INSERT [bureau].[TLocation] ([loc_id], [loc_description], [rc_code], [trendcare_code], [hospital_lk_id], [sort_order], [create_dttm], [create_user], [modif_dttm], [modif_user], [is_deleted], [day_start], [evening_start], [night_start], [E_Coord], [E_Orientee], [E_RN], [E_EN], [E_HCA], [N_Coord], [N_Orientee], [N_RN], [N_EN], [N_HCA], [D_Coord], [D_Orientee], [D_RN], [D_EN], [D_HCA], [D_CNM], [config_rpt_colour], [config_rpt_group], [config_rpt_group_order], [config_rpt_font_colour]) VALUES (31, N'Hine Ora', N'139-1207', N'383', 28, 6, CAST(N'2016-04-27T13:26:23.803' AS DateTime), N'bureau_system', CAST(N'2016-04-27T13:26:23.803' AS DateTime), N'NSHHINEORA', 0, N'06:00', N'14:00', N'21:00', 1, 0, 2, 0, 1, 1, 0, 1, 0, 0, 0, 0, 3, 0, 1, 1, N'LightPink', N'Surgical', 6, N'Black')
GO
INSERT [bureau].[TLocation] ([loc_id], [loc_description], [rc_code], [trendcare_code], [hospital_lk_id], [sort_order], [create_dttm], [create_user], [modif_dttm], [modif_user], [is_deleted], [day_start], [evening_start], [night_start], [E_Coord], [E_Orientee], [E_RN], [E_EN], [E_HCA], [N_Coord], [N_Orientee], [N_RN], [N_EN], [N_HCA], [D_Coord], [D_Orientee], [D_RN], [D_EN], [D_HCA], [D_CNM], [config_rpt_colour], [config_rpt_group], [config_rpt_group_order], [config_rpt_font_colour]) VALUES (32, N'SCBU NSH', N'139-1314', N'209', 28, 1, CAST(N'2016-04-27T13:26:26.970' AS DateTime), N'bureau_system', CAST(N'2016-04-27T13:26:26.970' AS DateTime), N'bureau_system', 0, N'06:00', N'14:00', N'21:00', NULL, NULL, NULL, NULL, NULL, NULL, NULL, NULL, NULL, NULL, NULL, NULL, NULL, NULL, NULL, NULL, N'LightPink', N'Maternity', 7, N'Black')
GO
INSERT [bureau].[TLocation] ([loc_id], [loc_description], [rc_code], [trendcare_code], [hospital_lk_id], [sort_order], [create_dttm], [create_user], [modif_dttm], [modif_user], [is_deleted], [day_start], [evening_start], [night_start], [E_Coord], [E_Orientee], [E_RN], [E_EN], [E_HCA], [N_Coord], [N_Orientee], [N_RN], [N_EN], [N_HCA], [D_Coord], [D_Orientee], [D_RN], [D_EN], [D_HCA], [D_CNM], [config_rpt_colour], [config_rpt_group], [config_rpt_group_order], [config_rpt_font_colour]) VALUES (33, N'Maternity', N'139-1306', N'345', 28, 2, CAST(N'2016-04-27T13:26:31.367' AS DateTime), N'bureau_system', CAST(N'2016-04-27T13:26:31.367' AS DateTime), N'bureau_system', 0, N'06:00', N'14:00', N'21:00', NULL, NULL, NULL, NULL, NULL, NULL, NULL, NULL, NULL, NULL, NULL, NULL, NULL, NULL, NULL, NULL, N'LightPink', N'Maternity', 7, N'Black')
GO
INSERT [bureau].[TLocation] ([loc_id], [loc_description], [rc_code], [trendcare_code], [hospital_lk_id], [sort_order], [create_dttm], [create_user], [modif_dttm], [modif_user], [is_deleted], [day_start], [evening_start], [night_start], [E_Coord], [E_Orientee], [E_RN], [E_EN], [E_HCA], [N_Coord], [N_Orientee], [N_RN], [N_EN], [N_HCA], [D_Coord], [D_Orientee], [D_RN], [D_EN], [D_HCA], [D_CNM], [config_rpt_colour], [config_rpt_group], [config_rpt_group_order], [config_rpt_font_colour]) VALUES (35, N'ESC - Theatre', N'130-3300', N'374', 28, 8, CAST(N'2016-04-27T13:26:40.220' AS DateTime), N'bureau_system', CAST(N'2016-04-27T13:26:40.220' AS DateTime), N'bureau_system', 0, N'06:00', N'14:00', N'21:00', NULL, NULL, NULL, NULL, NULL, NULL, NULL, NULL, NULL, NULL, NULL, NULL, NULL, NULL, NULL, NULL, N'Orange', N'Surgical', 6, N'White')
GO
INSERT [bureau].[TLocation] ([loc_id], [loc_description], [rc_code], [trendcare_code], [hospital_lk_id], [sort_order], [create_dttm], [create_user], [modif_dttm], [modif_user], [is_deleted], [day_start], [evening_start], [night_start], [E_Coord], [E_Orientee], [E_RN], [E_EN], [E_HCA], [N_Coord], [N_Orientee], [N_RN], [N_EN], [N_HCA], [D_Coord], [D_Orientee], [D_RN], [D_EN], [D_HCA], [D_CNM], [config_rpt_colour], [config_rpt_group], [config_rpt_group_order], [config_rpt_font_colour]) VALUES (39, N'LLC / CCU', N'115-1170', N'191', 28, 1, CAST(N'2016-04-27T13:28:53.010' AS DateTime), N'bureau_system', CAST(N'2016-04-27T13:28:53.010' AS DateTime), N'bureau_system', 0, N'06:00', N'14:00', N'21:00', NULL, NULL, NULL, NULL, NULL, NULL, NULL, NULL, NULL, NULL, NULL, NULL, NULL, NULL, NULL, NULL, N'PowderBlue', N'CCU', 3, N'Black')
GO
INSERT [bureau].[TLocation] ([loc_id], [loc_description], [rc_code], [trendcare_code], [hospital_lk_id], [sort_order], [create_dttm], [create_user], [modif_dttm], [modif_user], [is_deleted], [day_start], [evening_start], [night_start], [E_Coord], [E_Orientee], [E_RN], [E_EN], [E_HCA], [N_Coord], [N_Orientee], [N_RN], [N_EN], [N_HCA], [D_Coord], [D_Orientee], [D_RN], [D_EN], [D_HCA], [D_CNM], [config_rpt_colour], [config_rpt_group], [config_rpt_group_order], [config_rpt_font_colour]) VALUES (40, N'ED WTH', N'125-1267', N'356', 29, 1, CAST(N'2016-07-06T21:07:52.680' AS DateTime), N'bureau_system', CAST(N'2016-07-06T21:07:52.680' AS DateTime), N'petersm', 0, N'06:00', N'14:00', N'21:00', 1, 0, 15, 0, 2, 1, 0, 9, 0, 1, 1, 0, 12, 0, 2, 1, N'MediumPurple', N'ED', 1, N'White')
GO
INSERT [bureau].[TLocation] ([loc_id], [loc_description], [rc_code], [trendcare_code], [hospital_lk_id], [sort_order], [create_dttm], [create_user], [modif_dttm], [modif_user], [is_deleted], [day_start], [evening_start], [night_start], [E_Coord], [E_Orientee], [E_RN], [E_EN], [E_HCA], [N_Coord], [N_Orientee], [N_RN], [N_EN], [N_HCA], [D_Coord], [D_Orientee], [D_RN], [D_EN], [D_HCA], [D_CNM], [config_rpt_colour], [config_rpt_group], [config_rpt_group_order], [config_rpt_font_colour]) VALUES (41, N'ADU WTH', N'125-1126', N'356', 29, 2, CAST(N'2016-07-06T21:11:49.583' AS DateTime), N'bureau_system', CAST(N'2016-07-06T21:11:49.583' AS DateTime), N'WTHKAREACU', 0, N'06:00', N'14:00', N'21:00', 1, 0, 8, 0, 1, 1, 0, 5, 0, 1, 1, 0, 7, 0, 1, 1, N'MediumPurple', N'ED', 1, N'White')
GO
INSERT [bureau].[TLocation] ([loc_id], [loc_description], [rc_code], [trendcare_code], [hospital_lk_id], [sort_order], [create_dttm], [create_user], [modif_dttm], [modif_user], [is_deleted], [day_start], [evening_start], [night_start], [E_Coord], [E_Orientee], [E_RN], [E_EN], [E_HCA], [N_Coord], [N_Orientee], [N_RN], [N_EN], [N_HCA], [D_Coord], [D_Orientee], [D_RN], [D_EN], [D_HCA], [D_CNM], [config_rpt_colour], [config_rpt_group], [config_rpt_group_order], [config_rpt_font_colour]) VALUES (43, N'Muriwai', N'143-1436', N'329', 29, 4, CAST(N'2016-07-06T21:15:58.717' AS DateTime), N'bureau_system', CAST(N'2016-07-06T21:15:58.717' AS DateTime), N'bureau_system', 0, N'06:00', N'14:00', N'21:00', NULL, NULL, NULL, NULL, NULL, NULL, NULL, NULL, NULL, NULL, NULL, NULL, NULL, NULL, NULL, NULL, N'LightYellow', N'Medical', 2, N'Black')
GO
INSERT [bureau].[TLocation] ([loc_id], [loc_description], [rc_code], [trendcare_code], [hospital_lk_id], [sort_order], [create_dttm], [create_user], [modif_dttm], [modif_user], [is_deleted], [day_start], [evening_start], [night_start], [E_Coord], [E_Orientee], [E_RN], [E_EN], [E_HCA], [N_Coord], [N_Orientee], [N_RN], [N_EN], [N_HCA], [D_Coord], [D_Orientee], [D_RN], [D_EN], [D_HCA], [D_CNM], [config_rpt_colour], [config_rpt_group], [config_rpt_group_order], [config_rpt_font_colour]) VALUES (45, N'Piha / Tehenga', N'139-1326', N'369', 29, 1, CAST(N'2016-07-06T21:17:03.473' AS DateTime), N'bureau_system', CAST(N'2016-07-06T21:17:03.473' AS DateTime), N'bureau_system', 0, N'06:00', N'14:00', N'21:00', NULL, NULL, NULL, NULL, NULL, NULL, NULL, NULL, NULL, NULL, NULL, NULL, NULL, NULL, NULL, NULL, N'LightPink', N'Maternity', 3, N'Black')
GO
INSERT [bureau].[TLocation] ([loc_id], [loc_description], [rc_code], [trendcare_code], [hospital_lk_id], [sort_order], [create_dttm], [create_user], [modif_dttm], [modif_user], [is_deleted], [day_start], [evening_start], [night_start], [E_Coord], [E_Orientee], [E_RN], [E_EN], [E_HCA], [N_Coord], [N_Orientee], [N_RN], [N_EN], [N_HCA], [D_Coord], [D_Orientee], [D_RN], [D_EN], [D_HCA], [D_CNM], [config_rpt_colour], [config_rpt_group], [config_rpt_group_order], [config_rpt_font_colour]) VALUES (49, N'Transit WTH', N'115-5207', N'?', 29, 3, CAST(N'2016-07-06T21:20:47.310' AS DateTime), N'bureau_system', CAST(N'2016-07-06T21:20:47.310' AS DateTime), N'WyattS', 0, N'06:00', N'14:00', N'21:00', 0, 0, 2, 0, 0, 0, 0, 1, 0, 0, 0, 0, 1, 0, 0, 0, N'MediumPurple', N'ED', 1, N'White')
GO
INSERT [bureau].[TLocation] ([loc_id], [loc_description], [rc_code], [trendcare_code], [hospital_lk_id], [sort_order], [create_dttm], [create_user], [modif_dttm], [modif_user], [is_deleted], [day_start], [evening_start], [night_start], [E_Coord], [E_Orientee], [E_RN], [E_EN], [E_HCA], [N_Coord], [N_Orientee], [N_RN], [N_EN], [N_HCA], [D_Coord], [D_Orientee], [D_RN], [D_EN], [D_HCA], [D_CNM], [config_rpt_colour], [config_rpt_group], [config_rpt_group_order], [config_rpt_font_colour]) VALUES (51, N'SCBU WTH', N'139-1350', N'334', 29, 3, CAST(N'2016-07-06T21:25:17.327' AS DateTime), N'bureau_system', CAST(N'2016-07-06T21:25:17.327' AS DateTime), N'bureau_system', 0, N'06:00', N'14:00', N'21:00', NULL, NULL, NULL, NULL, NULL, NULL, NULL, NULL, NULL, NULL, NULL, NULL, NULL, NULL, NULL, NULL, N'LightPink', N'Maternity', 5, N'Black')
GO
INSERT [bureau].[TLocation] ([loc_id], [loc_description], [rc_code], [trendcare_code], [hospital_lk_id], [sort_order], [create_dttm], [create_user], [modif_dttm], [modif_user], [is_deleted], [day_start], [evening_start], [night_start], [E_Coord], [E_Orientee], [E_RN], [E_EN], [E_HCA], [N_Coord], [N_Orientee], [N_RN], [N_EN], [N_HCA], [D_Coord], [D_Orientee], [D_RN], [D_EN], [D_HCA], [D_CNM], [config_rpt_colour], [config_rpt_group], [config_rpt_group_order], [config_rpt_font_colour]) VALUES (52, N'Rangatira', N'139-1375', N'332', 29, 2, CAST(N'2016-07-06T21:26:13.347' AS DateTime), N'bureau_system', CAST(N'2016-07-06T21:26:13.347' AS DateTime), N'bureau_system', 0, N'06:00', N'14:00', N'21:00', NULL, NULL, NULL, NULL, NULL, NULL, NULL, NULL, NULL, NULL, NULL, NULL, NULL, NULL, NULL, NULL, N'LightPink', N'Maternity', 3, N'Black')
GO
INSERT [bureau].[TLocation] ([loc_id], [loc_description], [rc_code], [trendcare_code], [hospital_lk_id], [sort_order], [create_dttm], [create_user], [modif_dttm], [modif_user], [is_deleted], [day_start], [evening_start], [night_start], [E_Coord], [E_Orientee], [E_RN], [E_EN], [E_HCA], [N_Coord], [N_Orientee], [N_RN], [N_EN], [N_HCA], [D_Coord], [D_Orientee], [D_RN], [D_EN], [D_HCA], [D_CNM], [config_rpt_colour], [config_rpt_group], [config_rpt_group_order], [config_rpt_font_colour]) VALUES (54, N'Wilson Home', N'141-1402', N'?', 29, NULL, CAST(N'2016-07-06T21:27:19.260' AS DateTime), N'bureau_system', CAST(N'2016-07-06T21:27:19.260' AS DateTime), N'bureau_system', 0, N'06:00', N'14:00', N'21:00', NULL, NULL, NULL, NULL, NULL, NULL, NULL, NULL, NULL, NULL, NULL, NULL, NULL, NULL, NULL, NULL, N'DarkCyan', N'Rehab', 7, N'White')
GO
INSERT [bureau].[TLocation] ([loc_id], [loc_description], [rc_code], [trendcare_code], [hospital_lk_id], [sort_order], [create_dttm], [create_user], [modif_dttm], [modif_user], [is_deleted], [day_start], [evening_start], [night_start], [E_Coord], [E_Orientee], [E_RN], [E_EN], [E_HCA], [N_Coord], [N_Orientee], [N_RN], [N_EN], [N_HCA], [D_Coord], [D_Orientee], [D_RN], [D_EN], [D_HCA], [D_CNM], [config_rpt_colour], [config_rpt_group], [config_rpt_group_order], [config_rpt_font_colour]) VALUES (55, N'Waiatarau', N'152-1503', N'340', 29, 1, CAST(N'2016-07-06T21:29:22.927' AS DateTime), N'bureau_system', CAST(N'2016-07-06T21:29:22.927' AS DateTime), N'bureau_system', 0, N'06:00', N'14:00', N'21:00', NULL, NULL, NULL, NULL, NULL, NULL, NULL, NULL, NULL, NULL, NULL, NULL, NULL, NULL, NULL, NULL, N'PaleGreen', N'MH', 6, N'Black')
GO
INSERT [bureau].[TLocation] ([loc_id], [loc_description], [rc_code], [trendcare_code], [hospital_lk_id], [sort_order], [create_dttm], [create_user], [modif_dttm], [modif_user], [is_deleted], [day_start], [evening_start], [night_start], [E_Coord], [E_Orientee], [E_RN], [E_EN], [E_HCA], [N_Coord], [N_Orientee], [N_RN], [N_EN], [N_HCA], [D_Coord], [D_Orientee], [D_RN], [D_EN], [D_HCA], [D_CNM], [config_rpt_colour], [config_rpt_group], [config_rpt_group_order], [config_rpt_font_colour]) VALUES (56, N'He Puna Waiora', N'150-1538', N'381', 29, 3, CAST(N'2016-07-06T21:30:02.180' AS DateTime), N'bureau_system', CAST(N'2016-07-06T21:30:02.180' AS DateTime), N'bureau_system', 0, N'06:00', N'14:00', N'21:00', NULL, NULL, NULL, NULL, NULL, NULL, NULL, NULL, NULL, NULL, NULL, NULL, NULL, NULL, NULL, NULL, N'PaleGreen', N'MH', 6, N'Black')
GO
INSERT [bureau].[TLocation] ([loc_id], [loc_description], [rc_code], [trendcare_code], [hospital_lk_id], [sort_order], [create_dttm], [create_user], [modif_dttm], [modif_user], [is_deleted], [day_start], [evening_start], [night_start], [E_Coord], [E_Orientee], [E_RN], [E_EN], [E_HCA], [N_Coord], [N_Orientee], [N_RN], [N_EN], [N_HCA], [D_Coord], [D_Orientee], [D_RN], [D_EN], [D_HCA], [D_CNM], [config_rpt_colour], [config_rpt_group], [config_rpt_group_order], [config_rpt_font_colour]) VALUES (57, N'Ward 12', N'154-1504', N'202', 29, 2, CAST(N'2016-07-06T21:31:43.613' AS DateTime), N'bureau_system', CAST(N'2016-07-06T21:31:43.613' AS DateTime), N'BennettK', 0, N'06:00', N'14:00', N'21:00', 0, 0, 4, 0, 3, 0, 0, 2, 0, 2, 0, 0, 5, 0, 3, 1, N'PaleGreen', N'MH', 6, N'Black')
GO
INSERT [bureau].[TLocation] ([loc_id], [loc_description], [rc_code], [trendcare_code], [hospital_lk_id], [sort_order], [create_dttm], [create_user], [modif_dttm], [modif_user], [is_deleted], [day_start], [evening_start], [night_start], [E_Coord], [E_Orientee], [E_RN], [E_EN], [E_HCA], [N_Coord], [N_Orientee], [N_RN], [N_EN], [N_HCA], [D_Coord], [D_Orientee], [D_RN], [D_EN], [D_HCA], [D_CNM], [config_rpt_colour], [config_rpt_group], [config_rpt_group_order], [config_rpt_font_colour]) VALUES (61, N'Outpatients', N'125-1125', N'?', 29, 1, CAST(N'2016-07-21T11:47:30.100' AS DateTime), N'bureau_system', CAST(N'2016-07-21T11:47:30.100' AS DateTime), N'bureau_system', 0, N'06:00', N'14:00', N'21:00', NULL, NULL, NULL, NULL, NULL, NULL, NULL, NULL, NULL, NULL, NULL, NULL, NULL, NULL, NULL, NULL, N'LightGrey', N'Other', 8, N'Black')
GO
INSERT [bureau].[TLocation] ([loc_id], [loc_description], [rc_code], [trendcare_code], [hospital_lk_id], [sort_order], [create_dttm], [create_user], [modif_dttm], [modif_user], [is_deleted], [day_start], [evening_start], [night_start], [E_Coord], [E_Orientee], [E_RN], [E_EN], [E_HCA], [N_Coord], [N_Orientee], [N_RN], [N_EN], [N_HCA], [D_Coord], [D_Orientee], [D_RN], [D_EN], [D_HCA], [D_CNM], [config_rpt_colour], [config_rpt_group], [config_rpt_group_order], [config_rpt_font_colour]) VALUES (68, N'Gastro', N'115-1111', N'?', 28, 1, CAST(N'2016-07-26T10:41:14.927' AS DateTime), N'bureau_system', CAST(N'2016-07-26T10:41:14.927' AS DateTime), N'bureau_system', 0, N'06:00', N'14:00', N'21:00', NULL, NULL, NULL, NULL, NULL, NULL, NULL, NULL, NULL, NULL, NULL, NULL, NULL, NULL, NULL, NULL, N'LightGrey', N'Other', 8, N'Black')
GO
INSERT [bureau].[TLocation] ([loc_id], [loc_description], [rc_code], [trendcare_code], [hospital_lk_id], [sort_order], [create_dttm], [create_user], [modif_dttm], [modif_user], [is_deleted], [day_start], [evening_start], [night_start], [E_Coord], [E_Orientee], [E_RN], [E_EN], [E_HCA], [N_Coord], [N_Orientee], [N_RN], [N_EN], [N_HCA], [D_Coord], [D_Orientee], [D_RN], [D_EN], [D_HCA], [D_CNM], [config_rpt_colour], [config_rpt_group], [config_rpt_group_order], [config_rpt_font_colour]) VALUES (69, N'Haema. Day Stay', N'115-1194', N'?', 28, 2, CAST(N'2016-07-26T10:41:14.927' AS DateTime), N'bureau_system', CAST(N'2016-07-26T10:41:14.927' AS DateTime), N'bureau_system', 0, N'06:00', N'14:00', N'21:00', NULL, NULL, NULL, NULL, NULL, NULL, NULL, NULL, NULL, NULL, NULL, NULL, NULL, NULL, NULL, NULL, N'LightGrey', N'Other', 8, N'Black')
GO
INSERT [bureau].[TLocation] ([loc_id], [loc_description], [rc_code], [trendcare_code], [hospital_lk_id], [sort_order], [create_dttm], [create_user], [modif_dttm], [modif_user], [is_deleted], [day_start], [evening_start], [night_start], [E_Coord], [E_Orientee], [E_RN], [E_EN], [E_HCA], [N_Coord], [N_Orientee], [N_RN], [N_EN], [N_HCA], [D_Coord], [D_Orientee], [D_RN], [D_EN], [D_HCA], [D_CNM], [config_rpt_colour], [config_rpt_group], [config_rpt_group_order], [config_rpt_font_colour]) VALUES (70, N'Outpatients', N'115-1265', N'?', 28, 4, CAST(N'2016-07-26T10:41:14.927' AS DateTime), N'bureau_system', CAST(N'2016-07-26T10:41:14.927' AS DateTime), N'bureau_system', 0, N'06:00', N'14:00', N'21:00', NULL, NULL, NULL, NULL, NULL, NULL, NULL, NULL, NULL, NULL, NULL, NULL, NULL, NULL, NULL, NULL, N'LightGrey', N'Other', 8, N'Black')
GO
INSERT [bureau].[TLocation] ([loc_id], [loc_description], [rc_code], [trendcare_code], [hospital_lk_id], [sort_order], [create_dttm], [create_user], [modif_dttm], [modif_user], [is_deleted], [day_start], [evening_start], [night_start], [E_Coord], [E_Orientee], [E_RN], [E_EN], [E_HCA], [N_Coord], [N_Orientee], [N_RN], [N_EN], [N_HCA], [D_Coord], [D_Orientee], [D_RN], [D_EN], [D_HCA], [D_CNM], [config_rpt_colour], [config_rpt_group], [config_rpt_group_order], [config_rpt_font_colour]) VALUES (73, N'Radiology NSH', N'170-1758', N'?', 28, 3, CAST(N'2016-07-26T10:41:14.927' AS DateTime), N'bureau_system', CAST(N'2016-07-26T10:41:14.927' AS DateTime), N'bureau_system', 0, N'06:00', N'14:00', N'21:00', NULL, NULL, NULL, NULL, NULL, NULL, NULL, NULL, NULL, NULL, NULL, NULL, NULL, NULL, NULL, NULL, N'LightGrey', N'Other', 8, N'Black')
GO
INSERT [bureau].[TLocation] ([loc_id], [loc_description], [rc_code], [trendcare_code], [hospital_lk_id], [sort_order], [create_dttm], [create_user], [modif_dttm], [modif_user], [is_deleted], [day_start], [evening_start], [night_start], [E_Coord], [E_Orientee], [E_RN], [E_EN], [E_HCA], [N_Coord], [N_Orientee], [N_RN], [N_EN], [N_HCA], [D_Coord], [D_Orientee], [D_RN], [D_EN], [D_HCA], [D_CNM], [config_rpt_colour], [config_rpt_group], [config_rpt_group_order], [config_rpt_font_colour]) VALUES (74, N'Haema. Dialysis', N'115-1190', N'?', 28, 5, CAST(N'2016-07-26T10:41:14.927' AS DateTime), N'bureau_system', CAST(N'2016-07-26T10:41:14.927' AS DateTime), N'bureau_system', 0, N'06:00', N'14:00', N'21:00', NULL, NULL, NULL, NULL, NULL, NULL, NULL, NULL, NULL, NULL, NULL, NULL, NULL, NULL, NULL, NULL, N'LightGrey', N'Other', 8, N'Black')
GO
INSERT [bureau].[TLocation] ([loc_id], [loc_description], [rc_code], [trendcare_code], [hospital_lk_id], [sort_order], [create_dttm], [create_user], [modif_dttm], [modif_user], [is_deleted], [day_start], [evening_start], [night_start], [E_Coord], [E_Orientee], [E_RN], [E_EN], [E_HCA], [N_Coord], [N_Orientee], [N_RN], [N_EN], [N_HCA], [D_Coord], [D_Orientee], [D_RN], [D_EN], [D_HCA], [D_CNM], [config_rpt_colour], [config_rpt_group], [config_rpt_group_order], [config_rpt_font_colour]) VALUES (75, N'Bowel Screening', N'170-1709', N'?', 29, 3, CAST(N'2016-07-26T10:52:44.310' AS DateTime), N'bureau_system', CAST(N'2016-07-26T10:52:44.310' AS DateTime), N'bureau_system', 0, N'06:00', N'14:00', N'21:00', NULL, NULL, NULL, NULL, NULL, NULL, NULL, NULL, NULL, NULL, NULL, NULL, NULL, NULL, NULL, NULL, N'LightGrey', N'Other', 8, N'Black')
GO
INSERT [bureau].[TLocation] ([loc_id], [loc_description], [rc_code], [trendcare_code], [hospital_lk_id], [sort_order], [create_dttm], [create_user], [modif_dttm], [modif_user], [is_deleted], [day_start], [evening_start], [night_start], [E_Coord], [E_Orientee], [E_RN], [E_EN], [E_HCA], [N_Coord], [N_Orientee], [N_RN], [N_EN], [N_HCA], [D_Coord], [D_Orientee], [D_RN], [D_EN], [D_HCA], [D_CNM], [config_rpt_colour], [config_rpt_group], [config_rpt_group_order], [config_rpt_font_colour]) VALUES (87, N'Short Stay', N'125-1130', N'?', 29, NULL, CAST(N'2016-07-06T21:27:19.260' AS DateTime), N'bureau_system', CAST(N'2016-07-06T21:27:19.260' AS DateTime), N'bureau_system', 0, N'06:00', N'14:00', N'21:00', NULL, NULL, NULL, NULL, NULL, NULL, NULL, NULL, NULL, NULL, NULL, NULL, NULL, NULL, NULL, NULL, N'LightSkyBlue', N'Medical', 2, N'White')
GO
INSERT [bureau].[TLocation] ([loc_id], [loc_description], [rc_code], [trendcare_code], [hospital_lk_id], [sort_order], [create_dttm], [create_user], [modif_dttm], [modif_user], [is_deleted], [day_start], [evening_start], [night_start], [E_Coord], [E_Orientee], [E_RN], [E_EN], [E_HCA], [N_Coord], [N_Orientee], [N_RN], [N_EN], [N_HCA], [D_Coord], [D_Orientee], [D_RN], [D_EN], [D_HCA], [D_CNM], [config_rpt_colour], [config_rpt_group], [config_rpt_group_order], [config_rpt_font_colour]) VALUES (88, N'WTH Bureau Available', N'?', N'?', 29, NULL, CAST(N'2016-08-01T13:55:36.503' AS DateTime), N'bureau_system', CAST(N'2016-08-01T13:55:36.503' AS DateTime), N'bureau_system', 0, NULL, NULL, NULL, NULL, NULL, NULL, NULL, NULL, NULL, NULL, NULL, NULL, NULL, NULL, NULL, NULL, NULL, NULL, NULL, N'White', N'Bureau', -1, N'Black')
GO
INSERT [bureau].[TLocation] ([loc_id], [loc_description], [rc_code], [trendcare_code], [hospital_lk_id], [sort_order], [create_dttm], [create_user], [modif_dttm], [modif_user], [is_deleted], [day_start], [evening_start], [night_start], [E_Coord], [E_Orientee], [E_RN], [E_EN], [E_HCA], [N_Coord], [N_Orientee], [N_RN], [N_EN], [N_HCA], [D_Coord], [D_Orientee], [D_RN], [D_EN], [D_HCA], [D_CNM], [config_rpt_colour], [config_rpt_group], [config_rpt_group_order], [config_rpt_font_colour]) VALUES (89, N'WTH Bureau Booked', N'?', N'?', 29, NULL, CAST(N'2016-08-01T13:55:51.300' AS DateTime), N'bureau_system', CAST(N'2016-08-01T13:55:51.300' AS DateTime), N'bureau_system', 0, NULL, NULL, NULL, NULL, NULL, NULL, NULL, NULL, NULL, NULL, NULL, NULL, NULL, NULL, NULL, NULL, NULL, NULL, NULL, N'White', N'Bureau', -1, N'Black')
GO
INSERT [bureau].[TLocation] ([loc_id], [loc_description], [rc_code], [trendcare_code], [hospital_lk_id], [sort_order], [create_dttm], [create_user], [modif_dttm], [modif_user], [is_deleted], [day_start], [evening_start], [night_start], [E_Coord], [E_Orientee], [E_RN], [E_EN], [E_HCA], [N_Coord], [N_Orientee], [N_RN], [N_EN], [N_HCA], [D_Coord], [D_Orientee], [D_RN], [D_EN], [D_HCA], [D_CNM], [config_rpt_colour], [config_rpt_group], [config_rpt_group_order], [config_rpt_font_colour]) VALUES (90, N'NSH Bureau Available', N'?', N'?', 28, NULL, CAST(N'2016-08-01T13:56:05.567' AS DateTime), N'bureau_system', CAST(N'2016-08-01T13:56:05.567' AS DateTime), N'bureau_system', 0, NULL, NULL, NULL, NULL, NULL, NULL, NULL, NULL, NULL, NULL, NULL, NULL, NULL, NULL, NULL, NULL, NULL, NULL, NULL, N'White', N'Bureau', -1, N'Black')
GO
INSERT [bureau].[TLocation] ([loc_id], [loc_description], [rc_code], [trendcare_code], [hospital_lk_id], [sort_order], [create_dttm], [create_user], [modif_dttm], [modif_user], [is_deleted], [day_start], [evening_start], [night_start], [E_Coord], [E_Orientee], [E_RN], [E_EN], [E_HCA], [N_Coord], [N_Orientee], [N_RN], [N_EN], [N_HCA], [D_Coord], [D_Orientee], [D_RN], [D_EN], [D_HCA], [D_CNM], [config_rpt_colour], [config_rpt_group], [config_rpt_group_order], [config_rpt_font_colour]) VALUES (91, N'NSH Bureau Booked', N'?', N'?', 28, NULL, CAST(N'2016-08-01T13:56:16.850' AS DateTime), N'bureau_system', CAST(N'2016-08-01T13:56:16.850' AS DateTime), N'bureau_system', 0, NULL, NULL, NULL, NULL, NULL, NULL, NULL, NULL, NULL, NULL, NULL, NULL, NULL, NULL, NULL, NULL, NULL, NULL, NULL, N'White', N'Bureau', -1, N'Black')
GO
INSERT [bureau].[TLocation] ([loc_id], [loc_description], [rc_code], [trendcare_code], [hospital_lk_id], [sort_order], [create_dttm], [create_user], [modif_dttm], [modif_user], [is_deleted], [day_start], [evening_start], [night_start], [E_Coord], [E_Orientee], [E_RN], [E_EN], [E_HCA], [N_Coord], [N_Orientee], [N_RN], [N_EN], [N_HCA], [D_Coord], [D_Orientee], [D_RN], [D_EN], [D_HCA], [D_CNM], [config_rpt_colour], [config_rpt_group], [config_rpt_group_order], [config_rpt_font_colour]) VALUES (92, N'CVU', N'115-1170', N'?', 28, 2, CAST(N'2016-04-27T13:28:53.010' AS DateTime), N'bureau_system', CAST(N'2016-04-27T13:28:53.010' AS DateTime), N'bureau_system', 0, NULL, NULL, NULL, NULL, NULL, NULL, NULL, NULL, NULL, NULL, NULL, NULL, NULL, NULL, NULL, NULL, NULL, NULL, NULL, N'PowderBlue', N'CCU', 3, N'Black')
GO
INSERT [bureau].[TLocation] ([loc_id], [loc_description], [rc_code], [trendcare_code], [hospital_lk_id], [sort_order], [create_dttm], [create_user], [modif_dttm], [modif_user], [is_deleted], [day_start], [evening_start], [night_start], [E_Coord], [E_Orientee], [E_RN], [E_EN], [E_HCA], [N_Coord], [N_Orientee], [N_RN], [N_EN], [N_HCA], [D_Coord], [D_Orientee], [D_RN], [D_EN], [D_HCA], [D_CNM], [config_rpt_colour], [config_rpt_group], [config_rpt_group_order], [config_rpt_font_colour]) VALUES (93, N'Huia', N'125-1130', N'387', 29, 5, CAST(N'2016-08-01T14:26:37.600' AS DateTime), N'bureau_system', CAST(N'2016-08-01T14:26:37.600' AS DateTime), N'bureau_system', 0, NULL, NULL, NULL, NULL, NULL, NULL, NULL, NULL, NULL, NULL, NULL, NULL, NULL, NULL, NULL, NULL, NULL, NULL, NULL, N'LightYellow', N'Medical', 2, N'Black')
GO
INSERT [bureau].[TLocation] ([loc_id], [loc_description], [rc_code], [trendcare_code], [hospital_lk_id], [sort_order], [create_dttm], [create_user], [modif_dttm], [modif_user], [is_deleted], [day_start], [evening_start], [night_start], [E_Coord], [E_Orientee], [E_RN], [E_EN], [E_HCA], [N_Coord], [N_Orientee], [N_RN], [N_EN], [N_HCA], [D_Coord], [D_Orientee], [D_RN], [D_EN], [D_HCA], [D_CNM], [config_rpt_colour], [config_rpt_group], [config_rpt_group_order], [config_rpt_font_colour]) VALUES (94, N'Radiology WTH', N'170-1758', N'?', 29, 2, CAST(N'2016-08-01T14:29:17.307' AS DateTime), N'bureau_system', CAST(N'2016-08-01T14:29:17.307' AS DateTime), N'bureau_system', 0, NULL, NULL, NULL, NULL, NULL, NULL, NULL, NULL, NULL, NULL, NULL, NULL, NULL, NULL, NULL, NULL, NULL, NULL, NULL, N'LightGrey', N'Other', 8, N'Black')
GO
SET IDENTITY_INSERT [bureau].[TLocation] OFF
GO
SET IDENTITY_INSERT [bureau].[TLookup] ON 
GO
INSERT [bureau].[TLookup] ([lk_id], [domain_id], [code], [value], [description], [sort_order], [create_dttm], [create_user], [modif_dttm], [modif_user], [is_deleted]) VALUES (1, 1, N'RN', NULL, N'Registered Nurse', 1, CAST(N'2016-03-08T18:23:42.577' AS DateTime), N'bureau_system', CAST(N'2016-03-08T18:23:42.577' AS DateTime), N'bureau_system', 0)
GO
INSERT [bureau].[TLookup] ([lk_id], [domain_id], [code], [value], [description], [sort_order], [create_dttm], [create_user], [modif_dttm], [modif_user], [is_deleted]) VALUES (2, 1, N'EN', NULL, N'Enrolled Nurse', 2, CAST(N'2016-03-08T18:23:42.577' AS DateTime), N'bureau_system', CAST(N'2016-03-08T18:23:42.577' AS DateTime), N'bureau_system', 0)
GO
INSERT [bureau].[TLookup] ([lk_id], [domain_id], [code], [value], [description], [sort_order], [create_dttm], [create_user], [modif_dttm], [modif_user], [is_deleted]) VALUES (3, 1, N'HCA', NULL, N'Health Care Assistant', 3, CAST(N'2016-03-08T18:23:42.577' AS DateTime), N'bureau_system', CAST(N'2016-03-08T18:23:42.577' AS DateTime), N'bureau_system', 0)
GO
INSERT [bureau].[TLookup] ([lk_id], [domain_id], [code], [value], [description], [sort_order], [create_dttm], [create_user], [modif_dttm], [modif_user], [is_deleted]) VALUES (4, 2, N'WATCH', NULL, N'Watch', 1, CAST(N'2016-03-08T18:23:42.577' AS DateTime), N'bureau_system', CAST(N'2016-03-08T18:23:42.577' AS DateTime), N'bureau_system', 0)
GO
INSERT [bureau].[TLookup] ([lk_id], [domain_id], [code], [value], [description], [sort_order], [create_dttm], [create_user], [modif_dttm], [modif_user], [is_deleted]) VALUES (5, 2, N'SPEC', NULL, N'Special', 2, CAST(N'2016-03-08T18:23:42.577' AS DateTime), N'bureau_system', CAST(N'2016-03-08T18:23:42.577' AS DateTime), N'bureau_system', 0)
GO
INSERT [bureau].[TLookup] ([lk_id], [domain_id], [code], [value], [description], [sort_order], [create_dttm], [create_user], [modif_dttm], [modif_user], [is_deleted]) VALUES (6, 2, N'COVER', NULL, N'Cover', 3, CAST(N'2016-03-08T18:23:42.577' AS DateTime), N'bureau_system', CAST(N'2016-03-08T18:23:42.577' AS DateTime), N'bureau_system', 0)
GO
INSERT [bureau].[TLookup] ([lk_id], [domain_id], [code], [value], [description], [sort_order], [create_dttm], [create_user], [modif_dttm], [modif_user], [is_deleted]) VALUES (7, 3, N'DELIR', NULL, N'Delirium', 1, CAST(N'2016-03-08T18:23:42.577' AS DateTime), N'bureau_system', CAST(N'2016-03-08T18:23:42.577' AS DateTime), N'bureau_system', 0)
GO
INSERT [bureau].[TLookup] ([lk_id], [domain_id], [code], [value], [description], [sort_order], [create_dttm], [create_user], [modif_dttm], [modif_user], [is_deleted]) VALUES (8, 3, N'FALLS', NULL, N'Falls prevention', 2, CAST(N'2016-03-08T18:23:42.577' AS DateTime), N'bureau_system', CAST(N'2016-03-08T18:23:42.577' AS DateTime), N'bureau_system', 0)
GO
INSERT [bureau].[TLookup] ([lk_id], [domain_id], [code], [value], [description], [sort_order], [create_dttm], [create_user], [modif_dttm], [modif_user], [is_deleted]) VALUES (9, 3, N'PSYCH', NULL, N'Psychiatric reasons', 3, CAST(N'2016-03-08T18:23:42.577' AS DateTime), N'bureau_system', CAST(N'2016-03-08T18:23:42.577' AS DateTime), N'bureau_system', 0)
GO
INSERT [bureau].[TLookup] ([lk_id], [domain_id], [code], [value], [description], [sort_order], [create_dttm], [create_user], [modif_dttm], [modif_user], [is_deleted]) VALUES (10, 3, N'SECUR', NULL, N'Security reasons', 4, CAST(N'2016-03-08T18:23:42.577' AS DateTime), N'bureau_system', CAST(N'2016-03-08T18:23:42.577' AS DateTime), N'bureau_system', 0)
GO
INSERT [bureau].[TLookup] ([lk_id], [domain_id], [code], [value], [description], [sort_order], [create_dttm], [create_user], [modif_dttm], [modif_user], [is_deleted]) VALUES (11, 3, N'WANDER', NULL, N'Wandering / absconding', 5, CAST(N'2016-03-08T18:23:42.577' AS DateTime), N'bureau_system', CAST(N'2016-03-08T18:23:42.577' AS DateTime), N'bureau_system', 0)
GO
INSERT [bureau].[TLookup] ([lk_id], [domain_id], [code], [value], [description], [sort_order], [create_dttm], [create_user], [modif_dttm], [modif_user], [is_deleted]) VALUES (12, 3, N'BEHAV', NULL, N'Behavioural', 6, CAST(N'2016-03-08T18:23:42.577' AS DateTime), N'bureau_system', CAST(N'2016-03-08T18:23:42.577' AS DateTime), N'bureau_system', 0)
GO
INSERT [bureau].[TLookup] ([lk_id], [domain_id], [code], [value], [description], [sort_order], [create_dttm], [create_user], [modif_dttm], [modif_user], [is_deleted]) VALUES (13, 3, N'PROT', NULL, N'Protection of equipment', 7, CAST(N'2016-03-08T18:23:42.577' AS DateTime), N'bureau_system', CAST(N'2016-03-08T18:23:42.577' AS DateTime), N'bureau_system', 0)
GO
INSERT [bureau].[TLookup] ([lk_id], [domain_id], [code], [value], [description], [sort_order], [create_dttm], [create_user], [modif_dttm], [modif_user], [is_deleted]) VALUES (16, 4, N'FILL', NULL, N'Filled', 3, CAST(N'2016-03-14T20:59:35.637' AS DateTime), N'bureau_system', CAST(N'2016-03-14T20:59:35.637' AS DateTime), N'bureau_system', 0)
GO
INSERT [bureau].[TLookup] ([lk_id], [domain_id], [code], [value], [description], [sort_order], [create_dttm], [create_user], [modif_dttm], [modif_user], [is_deleted]) VALUES (17, 4, N'UNFILL', NULL, N'Unable to Fill', 4, CAST(N'2016-03-14T20:59:49.853' AS DateTime), N'bureau_system', CAST(N'2016-03-14T20:59:49.853' AS DateTime), N'bureau_system', 0)
GO
INSERT [bureau].[TLookup] ([lk_id], [domain_id], [code], [value], [description], [sort_order], [create_dttm], [create_user], [modif_dttm], [modif_user], [is_deleted]) VALUES (18, 4, N'CANCELR', NULL, N'Cancelled', 5, CAST(N'2016-03-14T21:00:01.060' AS DateTime), N'bureau_system', CAST(N'2016-03-14T21:00:01.060' AS DateTime), N'bureau_system', 0)
GO
INSERT [bureau].[TLookup] ([lk_id], [domain_id], [code], [value], [description], [sort_order], [create_dttm], [create_user], [modif_dttm], [modif_user], [is_deleted]) VALUES (20, 5, N'INT', NULL, N'Internal', 1, CAST(N'2016-03-14T21:06:20.380' AS DateTime), N'bureau_system', CAST(N'2016-03-14T21:06:20.380' AS DateTime), N'bureau_system', 0)
GO
INSERT [bureau].[TLookup] ([lk_id], [domain_id], [code], [value], [description], [sort_order], [create_dttm], [create_user], [modif_dttm], [modif_user], [is_deleted]) VALUES (21, 5, N'INTB', NULL, N'Bureau - Internal', 2, CAST(N'2016-03-14T21:06:40.900' AS DateTime), N'bureau_system', CAST(N'2016-03-14T21:06:40.900' AS DateTime), N'bureau_system', 0)
GO
INSERT [bureau].[TLookup] ([lk_id], [domain_id], [code], [value], [description], [sort_order], [create_dttm], [create_user], [modif_dttm], [modif_user], [is_deleted]) VALUES (22, 5, N'EXTG', NULL, N'External - Geneva', 3, CAST(N'2016-03-14T21:06:56.670' AS DateTime), N'bureau_system', CAST(N'2016-03-14T21:06:56.670' AS DateTime), N'bureau_system', 0)
GO
INSERT [bureau].[TLookup] ([lk_id], [domain_id], [code], [value], [description], [sort_order], [create_dttm], [create_user], [modif_dttm], [modif_user], [is_deleted]) VALUES (23, 5, N'EXTS', NULL, N'External - Medacs', 4, CAST(N'2016-03-14T21:07:06.570' AS DateTime), N'bureau_system', CAST(N'2016-03-14T21:07:06.570' AS DateTime), N'bureau_system', 0)
GO
INSERT [bureau].[TLookup] ([lk_id], [domain_id], [code], [value], [description], [sort_order], [create_dttm], [create_user], [modif_dttm], [modif_user], [is_deleted]) VALUES (24, 5, N'EXTS', NULL, N'External - Supernurse', 5, CAST(N'2016-03-14T21:07:13.427' AS DateTime), N'bureau_system', CAST(N'2016-03-14T21:07:13.427' AS DateTime), N'bureau_system', 0)
GO
INSERT [bureau].[TLookup] ([lk_id], [domain_id], [code], [value], [description], [sort_order], [create_dttm], [create_user], [modif_dttm], [modif_user], [is_deleted]) VALUES (25, 6, N'PROC', NULL, N'Processing', 1, CAST(N'2016-04-05T13:36:57.190' AS DateTime), N'bureau_system', CAST(N'2016-04-05T13:36:57.190' AS DateTime), N'bureau_system', 0)
GO
INSERT [bureau].[TLookup] ([lk_id], [domain_id], [code], [value], [description], [sort_order], [create_dttm], [create_user], [modif_dttm], [modif_user], [is_deleted]) VALUES (28, 7, N'3215', NULL, N'North Shore', 1, CAST(N'2016-04-05T14:57:39.430' AS DateTime), N'bureau_system', CAST(N'2016-04-05T14:57:39.430' AS DateTime), N'bureau_system', 0)
GO
INSERT [bureau].[TLookup] ([lk_id], [domain_id], [code], [value], [description], [sort_order], [create_dttm], [create_user], [modif_dttm], [modif_user], [is_deleted]) VALUES (29, 7, N'3216', NULL, N'Waitakere', 2, CAST(N'2016-04-05T14:57:46.500' AS DateTime), N'bureau_system', CAST(N'2016-04-05T14:57:46.500' AS DateTime), N'bureau_system', 0)
GO
INSERT [bureau].[TLookup] ([lk_id], [domain_id], [code], [value], [description], [sort_order], [create_dttm], [create_user], [modif_dttm], [modif_user], [is_deleted]) VALUES (30, 2, N'ACUITY', NULL, N'Acuity', 4, CAST(N'2016-04-26T16:09:37.650' AS DateTime), N'bureau_system', CAST(N'2016-04-26T16:09:37.650' AS DateTime), N'bureau_system', 0)
GO
INSERT [bureau].[TLookup] ([lk_id], [domain_id], [code], [value], [description], [sort_order], [create_dttm], [create_user], [modif_dttm], [modif_user], [is_deleted]) VALUES (31, 1, N'MW', NULL, N'Midwife', 4, CAST(N'2016-07-06T21:40:58.680' AS DateTime), N'bureau_system', CAST(N'2016-07-06T21:40:58.680' AS DateTime), N'bureau_system', 0)
GO
INSERT [bureau].[TLookup] ([lk_id], [domain_id], [code], [value], [description], [sort_order], [create_dttm], [create_user], [modif_dttm], [modif_user], [is_deleted]) VALUES (32, 8, N'AL', NULL, N'AL Cover', 1, CAST(N'2016-07-12T20:49:51.960' AS DateTime), N'bureau_system', CAST(N'2016-07-12T20:49:51.960' AS DateTime), N'bureau_system', 0)
GO
INSERT [bureau].[TLookup] ([lk_id], [domain_id], [code], [value], [description], [sort_order], [create_dttm], [create_user], [modif_dttm], [modif_user], [is_deleted]) VALUES (33, 8, N'EL', NULL, N'EDU Cover', 2, CAST(N'2016-07-12T20:50:42.523' AS DateTime), N'bureau_system', CAST(N'2016-07-12T20:50:42.523' AS DateTime), N'bureau_system', 0)
GO
INSERT [bureau].[TLookup] ([lk_id], [domain_id], [code], [value], [description], [sort_order], [create_dttm], [create_user], [modif_dttm], [modif_user], [is_deleted]) VALUES (35, 8, N'BL', NULL, N'Bereav. Cover', 3, CAST(N'2016-07-12T20:51:46.740' AS DateTime), N'bureau_system', CAST(N'2016-07-12T20:51:46.740' AS DateTime), N'bureau_system', 0)
GO
INSERT [bureau].[TLookup] ([lk_id], [domain_id], [code], [value], [description], [sort_order], [create_dttm], [create_user], [modif_dttm], [modif_user], [is_deleted]) VALUES (36, 8, N'RG', NULL, N'Roster Gap', 4, CAST(N'2016-07-12T20:51:56.710' AS DateTime), N'bureau_system', CAST(N'2016-07-12T20:51:56.710' AS DateTime), N'bureau_system', 0)
GO
INSERT [bureau].[TLookup] ([lk_id], [domain_id], [code], [value], [description], [sort_order], [create_dttm], [create_user], [modif_dttm], [modif_user], [is_deleted]) VALUES (37, 8, N'SL', NULL, N'Sick Cover', 5, CAST(N'2016-07-12T21:19:00.020' AS DateTime), N'bureau_system', CAST(N'2016-07-12T21:19:00.020' AS DateTime), N'bureau_system', 0)
GO
INSERT [bureau].[TLookup] ([lk_id], [domain_id], [code], [value], [description], [sort_order], [create_dttm], [create_user], [modif_dttm], [modif_user], [is_deleted]) VALUES (38, 8, N'CAP', NULL, N'Capacity', 6, CAST(N'2018-06-22T13:42:34.013' AS DateTime), N'bureau_system', CAST(N'2018-06-22T13:42:34.013' AS DateTime), N'bureau_system', 0)
GO
SET IDENTITY_INSERT [bureau].[TLookup] OFF
GO
SET IDENTITY_INSERT [bureau].[TLookupDomain] ON 
GO
INSERT [bureau].[TLookupDomain] ([domain_id], [description], [create_dttm], [create_user], [modif_dttm], [modif_user], [is_deleted]) VALUES (1, N'Designation', CAST(N'2016-03-08T18:23:42.577' AS DateTime), N'bureau_system', CAST(N'2016-03-08T18:23:42.577' AS DateTime), N'bureau_system', 0)
GO
INSERT [bureau].[TLookupDomain] ([domain_id], [description], [create_dttm], [create_user], [modif_dttm], [modif_user], [is_deleted]) VALUES (2, N'Request Type', CAST(N'2016-03-08T18:23:42.577' AS DateTime), N'bureau_system', CAST(N'2016-03-08T18:23:42.577' AS DateTime), N'bureau_system', 0)
GO
INSERT [bureau].[TLookupDomain] ([domain_id], [description], [create_dttm], [create_user], [modif_dttm], [modif_user], [is_deleted]) VALUES (3, N'Request Reason', CAST(N'2016-03-08T18:23:42.577' AS DateTime), N'bureau_system', CAST(N'2016-03-08T18:23:42.577' AS DateTime), N'bureau_system', 0)
GO
INSERT [bureau].[TLookupDomain] ([domain_id], [description], [create_dttm], [create_user], [modif_dttm], [modif_user], [is_deleted]) VALUES (4, N'Request Resource Status', CAST(N'2016-03-14T20:58:20.827' AS DateTime), N'bureau_system', CAST(N'2016-03-14T20:58:20.827' AS DateTime), N'bureau_system', 0)
GO
INSERT [bureau].[TLookupDomain] ([domain_id], [description], [create_dttm], [create_user], [modif_dttm], [modif_user], [is_deleted]) VALUES (5, N'Staff Type', CAST(N'2016-03-14T21:06:07.313' AS DateTime), N'bureau_system', CAST(N'2016-03-14T21:06:07.313' AS DateTime), N'bureau_system', 0)
GO
INSERT [bureau].[TLookupDomain] ([domain_id], [description], [create_dttm], [create_user], [modif_dttm], [modif_user], [is_deleted]) VALUES (6, N'System Status', CAST(N'2016-04-05T13:36:39.647' AS DateTime), N'bureau_system', CAST(N'2016-04-05T13:36:39.647' AS DateTime), N'bureau_system', 0)
GO
INSERT [bureau].[TLookupDomain] ([domain_id], [description], [create_dttm], [create_user], [modif_dttm], [modif_user], [is_deleted]) VALUES (7, N'Hospital', CAST(N'2016-04-05T14:57:14.730' AS DateTime), N'bureau_system', CAST(N'2016-04-05T14:57:14.730' AS DateTime), N'bureau_system', 0)
GO
INSERT [bureau].[TLookupDomain] ([domain_id], [description], [create_dttm], [create_user], [modif_dttm], [modif_user], [is_deleted]) VALUES (8, N'Cover Reason', CAST(N'2016-07-12T20:48:49.427' AS DateTime), N'bureau_system', CAST(N'2016-07-12T20:48:49.427' AS DateTime), N'bureau_system', 0)
GO
SET IDENTITY_INSERT [bureau].[TLookupDomain] OFF
GO
